{"cameraMode":{"drawMode":0,"name":"Shaded","section":"Shading Mode"},"sceneLighting":false,"audioPlay":false,"sceneViewState":{"showFog":true,"showMaterialUpdate":false,"showSkybox":true,"showFlares":true,"showImageEffects":true,"showParticleSystems":true},"in2DMode":false,"pivot":{"x":-4.0288190841674809,"y":-1.9678802490234376,"z":-1.6175174713134766},"rotation":{"x":-0.32968246936798098,"y":0.2132350206375122,"z":-0.07670528441667557,"w":-0.9164921045303345},"size":33.629066467285159,"orthographic":false}